id	fs_id	name	group	side	r	g	b
1	2	Left-Cerebral-White-Matter	wm	L	245	245	245
2	4	Left-Lateral-Ventricle	ventricle	L	120	18	134
3	5	Left-Inf-Lat-Vent	ventricle	L	196	58	250
4	7	Left-Cerebellum-White-Matter	cerebellum	L	220	248	164
5	8	Left-Cerebellum-Cortex	cerebellum	L	230	148	34
6	10	Left-Thalamus	subcortical	L	0	118	14
7	11	Left-Caudate	subcortical	L	122	186	220
8	12	Left-Putamen	subcortical	L	236	13	176
9	13	Left-Pallidum	subcortical	L	12	48	255
10	14	3rd-Ventricle	ventricle	M	204	182	142
11	15	4th-Ventricle	ventricle	M	42	204	164
12	16	Brain-Stem	brainstem	M	119	159	176
13	17	Left-Hippocampus	subcortical	L	220	216	20
14	18	Left-Amygdala	subcortical	L	103	255	255
15	24	CSF	other	M	60	60	60
16	26	Left-Accumbens-area	subcortical	L	255	165	0
17	28	Left-VentralDC	subcortical	L	145	42	42
18	31	Left-choroid-plexus	other	L	0	200	200
19	41	Right-Cerebral-White-Matter	wm	R	245	245	245
20	43	Right-Lateral-Ventricle	ventricle	R	120	18	134
21	44	Right-Inf-Lat-Vent	ventricle	R	196	58	250
22	46	Right-Cerebellum-White-Matter	cerebellum	R	220	248	164
23	47	Right-Cerebellum-Cortex	cerebellum	R	230	148	34
24	49	Right-Thalamus	subcortical	R	0	118	14
25	50	Right-Caudate	subcortical	R	122	186	220
26	51	Right-Putamen	subcortical	R	236	13	176
27	52	Right-Pallidum	subcortical	R	13	48	255
28	53	Right-Hippocampus	subcortical	R	220	216	20
29	54	Right-Amygdala	subcortical	R	103	255	255
30	58	Right-Accumbens-area	subcortical	R	255	165	0
31	60	Right-VentralDC	subcortical	R	165	42	42
32	63	Right-choroid-plexus	other	R	0	200	221
33	77	WM-hypointensities	wm	M	200	70	255
34	251	CC_Posterior	cc	M	0	0	64
35	252	CC_Mid_Posterior	cc	M	0	0	112
36	253	CC_Central	cc	M	0	0	160
37	254	CC_Mid_Anterior	cc	M	0	0	208
38	255	CC_Anterior	cc	M	0	0	255
39	1002	ctx-lh-caudalanteriorcingulate	cortex	L	125	100	160
40	1003	ctx-lh-caudalmiddlefrontal	cortex	L	100	25	0
41	1005	ctx-lh-cuneus	cortex	L	220	20	100
42	1006	ctx-lh-entorhinal	cortex	L	220	20	10
43	1007	ctx-lh-fusiform	cortex	L	180	220	140
44	1008	ctx-lh-inferiorparietal	cortex	L	220	60	220
45	1009	ctx-lh-inferiortemporal	cortex	L	180	40	120
46	1010	ctx-lh-isthmuscingulate	cortex	L	140	20	140
47	1011	ctx-lh-lateraloccipital	cortex	L	20	30	140
48	1012	ctx-lh-lateralorbitofrontal	cortex	L	35	75	50
49	1013	ctx-lh-lingual	cortex	L	225	140	140
50	1014	ctx-lh-medialorbitofrontal	cortex	L	200	35	75
51	1015	ctx-lh-middletemporal	cortex	L	160	100	50
52	1016	ctx-lh-parahippocampal	cortex	L	20	220	60
53	1017	ctx-lh-paracentral	cortex	L	60	220	60
54	1018	ctx-lh-parsopercularis	cortex	L	220	180	140
55	1019	ctx-lh-parsorbitalis	cortex	L	20	100	50
56	1020	ctx-lh-parstriangularis	cortex	L	220	60	20
57	1021	ctx-lh-pericalcarine	cortex	L	120	100	60
58	1022	ctx-lh-postcentral	cortex	L	220	20	20
59	1023	ctx-lh-posteriorcingulate	cortex	L	220	180	220
60	1024	ctx-lh-precentral	cortex	L	60	20	220
61	1025	ctx-lh-precuneus	cortex	L	160	140	180
62	1026	ctx-lh-rostralanteriorcingulate	cortex	L	80	20	140
63	1027	ctx-lh-rostralmiddlefrontal	cortex	L	75	50	125
64	1028	ctx-lh-superiorfrontal	cortex	L	20	220	160
65	1029	ctx-lh-superiorparietal	cortex	L	20	180	140
66	1030	ctx-lh-superiortemporal	cortex	L	140	220	220
67	1031	ctx-lh-supramarginal	cortex	L	80	160	20
68	1034	ctx-lh-transversetemporal	cortex	L	150	150	200
69	1035	ctx-lh-insula	cortex	L	255	192	32
70	2002	ctx-rh-caudalanteriorcingulate	cortex	R	125	100	160
71	2003	ctx-rh-caudalmiddlefrontal	cortex	R	100	25	0
72	2005	ctx-rh-cuneus	cortex	R	220	20	100
73	2006	ctx-rh-entorhinal	cortex	R	220	20	10
74	2007	ctx-rh-fusiform	cortex	R	180	220	140
75	2008	ctx-rh-inferiorparietal	cortex	R	220	60	220
76	2009	ctx-rh-inferiortemporal	cortex	R	180	40	120
77	2010	ctx-rh-isthmuscingulate	cortex	R	140	20	140
78	2011	ctx-rh-lateraloccipital	cortex	R	20	30	140
79	2012	ctx-rh-lateralorbitofrontal	cortex	R	35	75	50
80	2013	ctx-rh-lingual	cortex	R	225	140	140
81	2014	ctx-rh-medialorbitofrontal	cortex	R	200	35	75
82	2015	ctx-rh-middletemporal	cortex	R	160	100	50
83	2016	ctx-rh-parahippocampal	cortex	R	20	220	60
84	2017	ctx-rh-paracentral	cortex	R	60	220	60
85	2018	ctx-rh-parsopercularis	cortex	R	220	180	140
86	2019	ctx-rh-parsorbitalis	cortex	R	20	100	50
87	2020	ctx-rh-parstriangularis	cortex	R	220	60	20
88	2021	ctx-rh-pericalcarine	cortex	R	120	100	60
89	2022	ctx-rh-postcentral	cortex	R	220	20	20
90	2023	ctx-rh-posteriorcingulate	cortex	R	220	180	220
91	2024	ctx-rh-precentral	cortex	R	60	20	220
92	2025	ctx-rh-precuneus	cortex	R	160	140	180
93	2026	ctx-rh-rostralanteriorcingulate	cortex	R	80	20	140
94	2027	ctx-rh-rostralmiddlefrontal	cortex	R	75	50	125
95	2028	ctx-rh-superiorfrontal	cortex	R	20	220	160
96	2029	ctx-rh-superiorparietal	cortex	R	20	180	140
97	2030	ctx-rh-superiortemporal	cortex	R	140	220	220
98	2031	ctx-rh-supramarginal	cortex	R	80	160	20
99	2034	ctx-rh-transversetemporal	cortex	R	150	150	200
100	2035	ctx-rh-insula	cortex	R	255	192	32
